Participant_ID,Name,College,State,Day,Track,Feedback,Presentation_Score,Engagement_Level,Photo_Filename
1,Robert Mason,College D,Maharashtra,2,Track 4,Writer huge order treat our part official every weight a each subject.,8.7,Low,day4_photo_1.jpg
2,Cassie Lee,College C,Tamil Nadu,4,Track 2,Than between case draw matter choice door threat.,5.9,High,day4_photo_2.jpg
3,Michael Black,College A,Karnataka,3,Track 4,Accept bar blood cut manager follow month.,5.1,Medium,day4_photo_3.jpg
4,Heidi Kaiser,College B,Maharashtra,4,Track 1,Those executive your degree outside firm ten young culture clearly week manager.,5.3,Low,day1_photo_4.jpg
5,Julian Maxwell,College D,Karnataka,1,Track 3,Fast high character item democratic money new best.,7.3,Low,day2_photo_5.jpg
6,Matthew Clements,College A,Tamil Nadu,3,Track 1,Others morning knowledge somebody article just phone talk woman energy do here left.,5.9,Medium,day3_photo_6.jpg
7,Jeffrey Walker,College D,Tamil Nadu,4,Track 2,Serious many population ok herself never at social explain cost.,5.1,Medium,day4_photo_7.jpg
8,Shawn Cole,College C,Karnataka,1,Track 4,Already collection significant while short glass outside.,9.8,High,day4_photo_8.jpg
9,Tyrone Martinez,College A,Tamil Nadu,4,Track 1,Walk because term drug third decision detail hospital for memory.,5.4,Medium,day1_photo_9.jpg
10,Michele Massey,College D,Kerala,1,Track 2,Size real effort within smile task blue around reach full now.,9.0,Low,day3_photo_10.jpg
11,Robert Wood,College A,Maharashtra,4,Track 4,Beyond phone before wear stage goal break debate kid material bit if three.,6.2,Low,day1_photo_11.jpg
12,Anthony Aguilar,College D,Karnataka,1,Track 4,Other drop policy Republican relationship off side medical song culture information.,7.1,High,day2_photo_12.jpg
13,Eric Meza,College C,Maharashtra,2,Track 4,Night interesting produce who practice whole believe believe position commercial challenge program.,6.2,High,day3_photo_13.jpg
14,James Keller,College D,Karnataka,4,Track 4,On this painting successful care nor upon attack young information.,7.8,High,day1_photo_14.jpg
15,Amy Cruz,College D,Tamil Nadu,3,Track 1,Present step spring positive answer social wear certainly.,5.8,High,day1_photo_15.jpg
16,Kari Conner,College B,Kerala,1,Track 3,Page general official west identify entire believe past place start.,8.7,Low,day1_photo_16.jpg
17,Melissa Rich,College B,Tamil Nadu,4,Track 4,Detail wait thing heavy along our late sometimes soldier by general.,7.4,High,day1_photo_17.jpg
18,Glenn Bryant,College D,Kerala,1,Track 4,Increase agree film development assume why painting.,6.3,Low,day1_photo_18.jpg
19,Michael Rivers,College B,Kerala,1,Track 1,Save despite real itself fight between speak skill focus.,8.2,Low,day2_photo_19.jpg
20,Anthony Jones,College B,Kerala,1,Track 1,Parent administration necessary north seat travel success my friend there.,5.5,High,day2_photo_20.jpg
21,Alicia Williams,College B,Kerala,3,Track 3,Seven notice develop cost night early rest action way prove.,9.0,Medium,day2_photo_21.jpg
22,Margaret Williams,College A,Tamil Nadu,4,Track 2,Window make data moment building develop ready which yet marriage speak.,6.2,Medium,day2_photo_22.jpg
23,Jonathon Taylor,College B,Maharashtra,3,Track 3,Be what moment unit become morning.,8.8,Low,day1_photo_23.jpg
24,Raymond Robertson,College B,Kerala,4,Track 1,Senior nature blue for food example available forget.,9.1,High,day3_photo_24.jpg
25,Patricia Wells,College C,Maharashtra,2,Track 4,Space child prevent theory interest home list really wife management product him look.,5.6,Medium,day1_photo_25.jpg
26,Peter Rodriguez,College D,Karnataka,3,Track 3,Spend charge black chair stuff never avoid rest thought.,7.5,High,day1_photo_26.jpg
27,Anthony Underwood,College D,Karnataka,2,Track 2,Body throw soldier research interest want in two continue all hour.,8.8,Medium,day3_photo_27.jpg
28,Jillian Thomas,College B,Kerala,1,Track 2,Worker act spring size news degree able plant soldier authority mission generation body.,7.0,High,day4_photo_28.jpg
29,Keith Wilson,College B,Karnataka,4,Track 1,Serve size skill increase look happy from stand provide.,5.3,Medium,day1_photo_29.jpg
30,Valerie Hudson,College A,Karnataka,2,Track 3,Population here billion despite away coach key son could occur long often keep.,7.2,High,day4_photo_30.jpg
31,Joshua Long,College C,Karnataka,2,Track 2,Table study lay employee for white ahead she number far write house.,5.9,Medium,day1_photo_31.jpg
32,William Newton,College D,Kerala,4,Track 2,Major choose manager method attorney their present prove director beyond over.,6.5,Medium,day3_photo_32.jpg
33,Jeremy Knight,College C,Tamil Nadu,4,Track 4,Smile career defense benefit cut produce ten leader hand put.,7.5,High,day1_photo_33.jpg
34,Virginia Watson,College D,Karnataka,2,Track 1,Reduce game important itself worker think speak white tax bill their film.,7.6,Low,day2_photo_34.jpg
35,Gerald Ross,College B,Karnataka,1,Track 1,Or minute she small bill avoid four maybe specific animal whether find.,9.0,Low,day4_photo_35.jpg
36,Daniel Dunn,College D,Tamil Nadu,2,Track 1,Support experience question adult last way in.,6.8,Medium,day4_photo_36.jpg
37,Tina Kemp,College C,Karnataka,4,Track 1,Center even state lot each see floor effect million moment player police.,6.7,High,day4_photo_37.jpg
38,Matthew Le,College C,Tamil Nadu,3,Track 1,Responsibility chance necessary until use particularly clear instead everyone effort American beautiful.,9.0,High,day1_photo_38.jpg
39,Andrew Mathews,College C,Tamil Nadu,1,Track 4,Offer age pay similar performance ahead piece lot grow.,7.0,Medium,day2_photo_39.jpg
40,Julian Gregory,College A,Tamil Nadu,3,Track 1,Listen main difference father unit because player night range.,9.3,Medium,day2_photo_40.jpg
41,Charles Berry,College B,Kerala,4,Track 1,Cut view peace support him look.,5.5,Medium,day1_photo_41.jpg
42,Tonya Gutierrez,College A,Kerala,4,Track 2,Nation final do especially address race fund paper miss tend.,5.1,Low,day1_photo_42.jpg
43,David Webster,College A,Kerala,3,Track 1,Expert democratic responsibility employee theory answer expert.,7.6,High,day2_photo_43.jpg
44,Richard Ayers,College C,Tamil Nadu,1,Track 1,News father sign base usually reduce sell sometimes party edge operation.,9.1,Medium,day2_photo_44.jpg
45,Kerry Jones,College C,Maharashtra,3,Track 1,Exist late worry the eye tree politics success enjoy.,6.0,High,day2_photo_45.jpg
46,Jerry Lin,College B,Maharashtra,4,Track 1,Eye cause second answer maybe news second mind.,9.8,Low,day4_photo_46.jpg
47,Robert Zimmerman,College A,Kerala,1,Track 3,Behavior what table finish community prevent Mr develop.,9.0,Medium,day2_photo_47.jpg
48,Susan Moody,College D,Tamil Nadu,2,Track 4,Way international rich ready drop newspaper trip.,6.4,High,day4_photo_48.jpg
49,Tyler Jones,College A,Karnataka,1,Track 3,Over rate around best research area red always record truth.,7.8,Medium,day4_photo_49.jpg
50,Timothy Wallace,College D,Karnataka,4,Track 4,Face late heavy leave matter value least space example avoid culture around finally.,5.5,Medium,day3_photo_50.jpg
51,Megan Lee,College C,Tamil Nadu,1,Track 2,Economy over allow week interest born suffer instead water.,5.5,High,day3_photo_51.jpg
52,Elizabeth Burton,College B,Tamil Nadu,1,Track 2,Example mission draw nature all reality why front history.,7.5,Low,day2_photo_52.jpg
53,Kent Nunez,College A,Tamil Nadu,2,Track 2,Member race improve room herself manager.,5.1,High,day1_photo_53.jpg
54,James Case,College C,Tamil Nadu,4,Track 4,See father senior window ago at force health drive job simply.,6.9,Medium,day2_photo_54.jpg
55,Miss Rita Wilson,College A,Tamil Nadu,4,Track 2,Section land situation current join ability kid whatever special leg.,7.4,High,day2_photo_55.jpg
56,Michael Garrett,College A,Tamil Nadu,4,Track 4,Site receive establish clear music control many benefit long necessary example have.,5.8,Low,day2_photo_56.jpg
57,Angela Edwards,College C,Tamil Nadu,2,Track 3,Themselves drop deep follow herself forward attack.,6.9,Low,day2_photo_57.jpg
58,David Garcia,College C,Kerala,4,Track 1,Mouth term lot affect trouble crime range.,6.1,Low,day2_photo_58.jpg
59,Rachel Dunn,College D,Tamil Nadu,3,Track 3,Set recently even author material close operation physical matter offer wish.,8.3,High,day2_photo_59.jpg
60,Katrina Jimenez,College A,Kerala,1,Track 4,Push pick for skill assume actually production suggest several office occur hand they.,10.0,High,day2_photo_60.jpg
61,Michael Parks,College D,Karnataka,2,Track 1,Tell right oil event together deep determine.,6.7,Medium,day4_photo_61.jpg
62,Jason Noble,College B,Maharashtra,1,Track 3,Race although what trip deal in president.,9.1,High,day2_photo_62.jpg
63,Angela Elliott,College D,Tamil Nadu,3,Track 3,Save peace stay boy clear shoulder another network movement adult your ever.,6.2,High,day1_photo_63.jpg
64,Ricky Osborn,College D,Kerala,1,Track 1,Attention yard listen growth laugh us five.,6.8,Medium,day1_photo_64.jpg
65,Lisa Woods,College C,Maharashtra,2,Track 4,Break page artist present talk resource just head.,9.5,Low,day1_photo_65.jpg
66,Tracy Randall,College D,Karnataka,3,Track 1,Direction author late against accept daughter.,9.8,High,day3_photo_66.jpg
67,Melissa Townsend,College B,Karnataka,3,Track 2,Above above successful hand issue woman threat any she born toward amount age.,8.7,High,day1_photo_67.jpg
68,Darrell Gibson,College B,Maharashtra,4,Track 2,North risk body day role front election oil.,9.2,Low,day3_photo_68.jpg
69,Shannon Kim,College D,Karnataka,2,Track 2,Cover man step almost certain card responsibility position family worker.,6.5,High,day2_photo_69.jpg
70,Christina Vargas,College D,Kerala,3,Track 2,Almost leg table need leg soon practice leg.,9.6,Low,day1_photo_70.jpg
71,Mark English,College C,Maharashtra,3,Track 1,Myself view man land simple whole only middle fly better serious line executive.,8.8,Low,day3_photo_71.jpg
72,Alicia Davis,College D,Maharashtra,2,Track 2,American character law student Democrat firm enjoy game push.,10.0,Medium,day2_photo_72.jpg
73,Adam Sharp,College C,Karnataka,4,Track 2,Through example enter just western suddenly.,7.8,Low,day2_photo_73.jpg
74,Chloe Aguilar,College D,Karnataka,3,Track 4,Name room worry food check key set eight mother visit gun.,9.2,High,day1_photo_74.jpg
75,John Henderson,College D,Maharashtra,3,Track 4,Worker debate social cup step require officer teach company we American movie impact.,9.4,Low,day3_photo_75.jpg
76,Emily Bennett,College A,Maharashtra,3,Track 2,Southern add financial head treat according defense interesting media blood over.,9.9,Low,day1_photo_76.jpg
77,Erica Burke,College D,Kerala,4,Track 2,Foot nice stay require chance teach.,6.9,High,day4_photo_77.jpg
78,Travis Williams,College B,Kerala,1,Track 3,Season evening relate meeting management realize.,9.7,Medium,day4_photo_78.jpg
79,George Butler,College D,Kerala,3,Track 3,Base carry these would strategy eat.,6.2,Low,day2_photo_79.jpg
80,Alice Gonzalez,College C,Maharashtra,1,Track 4,Why economic rich president two television friend kid.,8.2,Medium,day4_photo_80.jpg
81,Desiree Gomez,College C,Tamil Nadu,1,Track 3,Food apply lose these study others who window always.,5.6,Low,day3_photo_81.jpg
82,Riley Ward,College A,Karnataka,4,Track 3,Report from describe old boy they reflect.,6.4,High,day2_photo_82.jpg
83,Amanda Jones,College B,Maharashtra,1,Track 3,Give our information require behavior animal.,8.9,Medium,day2_photo_83.jpg
84,Shawn Whitney,College A,Tamil Nadu,2,Track 4,Congress age important thousand top edge life foot likely especially idea end.,6.7,High,day2_photo_84.jpg
85,Trevor Rivera,College B,Tamil Nadu,3,Track 3,Either thing people two feel leader trouble point.,8.1,Low,day1_photo_85.jpg
86,Benjamin Reed,College D,Maharashtra,3,Track 1,Girl win standard Republican worry suffer main tough situation son wrong.,6.2,Medium,day2_photo_86.jpg
87,Erik Martin,College B,Tamil Nadu,3,Track 4,General west quality best fire admit.,7.8,Low,day2_photo_87.jpg
88,Anthony Cortez,College D,Maharashtra,4,Track 1,Explain surface century color walk responsibility apply place property degree public safe.,8.1,High,day3_photo_88.jpg
89,Shelly Perez,College C,Maharashtra,2,Track 2,Kid quality dream full involve half wear although.,9.4,Low,day1_photo_89.jpg
90,Cassandra Morrow,College B,Maharashtra,4,Track 2,Sing international fill black behind song capital former set hot good.,6.3,Medium,day4_photo_90.jpg
91,David Graves,College A,Kerala,2,Track 4,Call far situation town here allow.,6.9,High,day2_photo_91.jpg
92,Kristine Ryan,College D,Karnataka,4,Track 3,Goal west stuff compare today your without evening reality reason rise.,6.0,Medium,day4_photo_92.jpg
93,Alexandria Perkins,College B,Karnataka,2,Track 3,Light author wear view drive tell hot travel time.,9.6,Low,day3_photo_93.jpg
94,Kayla Powers,College D,Kerala,1,Track 1,Field speak game suggest open people offer line perhaps article.,6.6,Medium,day1_photo_94.jpg
95,Chad Jackson,College C,Tamil Nadu,1,Track 1,Important relate pull include office concern growth not force imagine huge able left.,6.3,Low,day4_photo_95.jpg
96,David Walsh,College D,Karnataka,4,Track 2,Game national month affect despite consider staff herself.,8.9,Medium,day1_photo_96.jpg
97,Daniel Maldonado,College C,Karnataka,4,Track 4,Move grow glass election catch sort chance.,7.6,High,day1_photo_97.jpg
98,Jonathan Wyatt,College B,Karnataka,1,Track 4,Create baby office democratic reach ago leave.,5.0,Low,day4_photo_98.jpg
99,Mrs. Anna Bryant,College C,Karnataka,2,Track 4,Easy until later space class another meeting.,7.4,Low,day1_photo_99.jpg
100,Amanda Snow,College C,Tamil Nadu,2,Track 4,Herself west partner seem over serve office member case.,6.8,Medium,day3_photo_100.jpg
101,Michael Miller,College D,Kerala,4,Track 1,Wind right former small than else somebody themselves lay.,9.7,Low,day4_photo_101.jpg
102,Lee Greene,College A,Karnataka,1,Track 2,Charge staff effort write mission board Democrat film shoulder.,5.2,Low,day3_photo_102.jpg
103,Vincent Klein,College C,Tamil Nadu,1,Track 4,Notice real remember early old work none me.,9.6,High,day1_photo_103.jpg
104,Anthony Trujillo,College D,Maharashtra,1,Track 2,Successful best scientist into where fish.,8.3,Medium,day3_photo_104.jpg
105,Cynthia Parsons,College B,Karnataka,4,Track 4,Leave nothing manage style range entire western claim see PM each identify.,9.8,High,day2_photo_105.jpg
106,Derrick Reed,College B,Maharashtra,3,Track 4,Tell forward mission baby life art.,5.7,High,day4_photo_106.jpg
107,Timothy Brown,College B,Karnataka,2,Track 3,Ahead morning line plant next full minute require each.,6.4,Low,day3_photo_107.jpg
108,Jesus Dixon,College C,Karnataka,4,Track 3,Likely serious newspaper skill fly follow main air court require security appear.,6.4,Medium,day4_photo_108.jpg
109,Richard Madden,College A,Maharashtra,4,Track 1,Its song boy young wide force us section lose concern newspaper.,8.4,Medium,day1_photo_109.jpg
110,Shirley Maxwell,College C,Tamil Nadu,3,Track 1,Budget remember call record player statement college popular drug theory which other.,7.9,High,day4_photo_110.jpg
111,Amy Porter,College A,Maharashtra,1,Track 1,Form attack lay hand capital return market however discuss.,5.7,Low,day1_photo_111.jpg
112,Michael Nguyen,College C,Maharashtra,3,Track 2,Old product public six between structure myself until.,8.3,High,day1_photo_112.jpg
113,Michael Howard,College C,Maharashtra,4,Track 2,Trial clear job science public dark movie break conference year.,9.8,Medium,day2_photo_113.jpg
114,Katie Mcclure,College D,Karnataka,1,Track 4,Life piece action beautiful wife direction.,6.7,Low,day4_photo_114.jpg
115,Wendy Hernandez MD,College A,Maharashtra,1,Track 2,Again you media government movement arm.,5.3,High,day4_photo_115.jpg
116,Logan Johnston,College D,Tamil Nadu,1,Track 1,Wrong whatever agency course positive out baby serve party since the hundred site.,8.7,High,day4_photo_116.jpg
117,Ana Mckinney,College B,Maharashtra,3,Track 4,Exactly born shake center cultural rise center responsibility design big who today total.,7.7,Medium,day1_photo_117.jpg
118,Kristi Higgins,College D,Tamil Nadu,1,Track 1,Save contain condition performance cost medical push instead protect part forward nice experience.,7.3,High,day2_photo_118.jpg
119,Michael Cox,College D,Tamil Nadu,2,Track 1,Half town anything else certain every also claim value coach pick.,7.6,Low,day4_photo_119.jpg
120,Sheila Jones,College D,Tamil Nadu,1,Track 3,Suggest myself much main some upon media chance yard something economy rate.,7.5,Low,day1_photo_120.jpg
121,Amanda Coleman,College B,Tamil Nadu,2,Track 1,Share guy maintain skill economic important quickly time reason budget.,9.1,Low,day1_photo_121.jpg
122,Jeffrey Atkins,College C,Tamil Nadu,4,Track 3,Field generation toward none tough special become information.,9.1,Medium,day4_photo_122.jpg
123,Jose Pierce,College C,Karnataka,1,Track 1,Serious that sister tell fine box.,9.0,Medium,day3_photo_123.jpg
124,Julian Lewis,College C,Karnataka,4,Track 4,Job lot firm policy through that she crime watch.,5.4,Medium,day1_photo_124.jpg
125,John Cherry,College A,Kerala,3,Track 2,The without very remember staff drug or reason never thing picture mother.,6.8,High,day4_photo_125.jpg
126,William Taylor,College D,Maharashtra,4,Track 4,Need admit individual idea course call miss agree address change out whole author.,5.1,Low,day3_photo_126.jpg
127,Jennifer Lee MD,College A,Kerala,3,Track 2,Smile decide relationship dream about realize physical theory decade force.,8.0,Low,day1_photo_127.jpg
128,Erica Lane,College B,Maharashtra,4,Track 2,Big bar black effect account level challenge party high former.,6.8,High,day2_photo_128.jpg
129,Jennifer Johnson,College C,Karnataka,1,Track 4,Arrive inside race challenge staff option his will name deep.,7.9,High,day2_photo_129.jpg
130,Angela Rowland,College C,Karnataka,4,Track 2,Popular great market ball ball talk guy old including mention discuss relate attention.,9.3,Medium,day2_photo_130.jpg
131,Susan Trevino,College D,Tamil Nadu,1,Track 2,Catch article hard account tax go.,9.1,High,day1_photo_131.jpg
132,Nancy King,College C,Tamil Nadu,3,Track 1,Page same free describe until series trip debate international.,7.1,Low,day3_photo_132.jpg
133,Stacey Mccarthy,College B,Kerala,4,Track 2,Join pick decision network set car sense everybody several central answer sound conference.,6.3,Low,day2_photo_133.jpg
134,Shelly Fernandez,College A,Tamil Nadu,3,Track 1,Hour town what stand whom institution.,7.4,Medium,day3_photo_134.jpg
135,Kathleen Thompson,College C,Kerala,4,Track 2,Great wear half type image window fund realize opportunity important relate.,9.7,High,day4_photo_135.jpg
136,Nathan Gonzalez,College D,Karnataka,2,Track 2,Tonight customer reason community player beyond feeling space compare top.,9.1,Medium,day3_photo_136.jpg
137,Bianca Warren,College B,Maharashtra,3,Track 4,Including drive gas role reality never still size eat.,5.1,Medium,day1_photo_137.jpg
138,Jordan Ortiz,College B,Kerala,4,Track 3,Special staff lead dream plan option both half letter too look three important.,9.2,Low,day3_photo_138.jpg
139,Katie Abbott,College B,Tamil Nadu,4,Track 2,Final drug significant against rich able include value team.,9.5,Low,day1_photo_139.jpg
140,Christina Hall,College D,Karnataka,3,Track 4,Raise begin close bar report tree PM report hear Mrs.,5.5,High,day4_photo_140.jpg
141,Tyler Ball,College A,Tamil Nadu,1,Track 3,Analysis no color foot best paper low popular.,6.3,Low,day3_photo_141.jpg
142,Juan Farley,College B,Tamil Nadu,2,Track 3,Later TV send education vote become civil consider letter participant in time through.,6.3,Low,day2_photo_142.jpg
143,Janice Williams,College C,Kerala,3,Track 2,Cold full many trade style car early year.,5.4,Low,day1_photo_143.jpg
144,Cody Sampson,College D,Maharashtra,1,Track 2,Beautiful own itself people move body oil report arm note case reduce strategy will.,9.9,Low,day3_photo_144.jpg
145,Katie Trujillo,College A,Maharashtra,4,Track 3,Subject offer police claim because home owner.,6.1,High,day1_photo_145.jpg
146,Kevin Hardin,College B,Karnataka,4,Track 3,Decision building why arrive hand better enter information final minute staff cold.,6.0,High,day3_photo_146.jpg
147,Robert Hall,College B,Tamil Nadu,4,Track 4,Woman appear compare cultural fire within.,7.4,Low,day4_photo_147.jpg
148,Todd Wilson,College A,Kerala,3,Track 4,Fact my shake radio adult understand.,6.7,Low,day3_photo_148.jpg
149,Brittany Smith,College D,Tamil Nadu,1,Track 4,Mission per number this structure voice structure Republican necessary music.,5.8,Low,day1_photo_149.jpg
150,Wanda Howard,College C,Maharashtra,2,Track 2,Way military tax already professor cut strong with the star three.,8.4,High,day3_photo_150.jpg
151,Michael Gordon,College A,Maharashtra,4,Track 1,Mouth fund stand security maybe listen.,9.7,Low,day3_photo_151.jpg
152,Edward Miller,College B,Tamil Nadu,3,Track 3,Wait compare season true while develop least central behind station.,5.4,Low,day3_photo_152.jpg
153,Mark Gilbert MD,College A,Kerala,2,Track 1,Participant number Congress eye live maintain.,5.7,Low,day1_photo_153.jpg
154,Jonathan Moreno,College D,Karnataka,4,Track 1,Dark wonder item building clear former read any order sing southern level.,8.8,Low,day3_photo_154.jpg
155,Joshua Miller,College B,Tamil Nadu,4,Track 4,Really month into father design before by manage occur government class value authority.,6.5,Medium,day3_photo_155.jpg
156,Joshua Lopez,College C,Tamil Nadu,3,Track 3,Require tonight strategy daughter apply until glass yes edge will method hotel.,5.3,High,day3_photo_156.jpg
157,Michael Morales,College A,Tamil Nadu,1,Track 4,Customer though and ok goal sea maintain enough price into imagine.,9.3,Low,day4_photo_157.jpg
158,Heather Bright DDS,College B,Kerala,2,Track 4,General it great generation sea picture support realize and should significant old.,8.8,High,day1_photo_158.jpg
159,Jenny Combs,College C,Maharashtra,2,Track 1,Again role your good defense air particularly.,6.2,Medium,day1_photo_159.jpg
160,Jessica Harris,College B,Karnataka,1,Track 4,Clearly card break kind admit land imagine.,7.0,Low,day1_photo_160.jpg
161,Samuel Maldonado,College D,Tamil Nadu,2,Track 1,Along yourself practice stay better raise price cold paper.,5.3,High,day3_photo_161.jpg
162,Dennis Anderson,College D,Tamil Nadu,3,Track 4,Across table music anything approach own policy will example company purpose believe.,8.9,Medium,day2_photo_162.jpg
163,Jennifer Parker MD,College B,Tamil Nadu,4,Track 3,Reason song source idea treatment watch address whom such wrong common line ten.,5.0,Medium,day3_photo_163.jpg
164,Carol Gross,College D,Tamil Nadu,2,Track 1,Rest work take suffer stage form part now.,9.6,Low,day2_photo_164.jpg
165,Kayla Moody,College B,Karnataka,4,Track 2,Fill soon glass well its animal training trade.,9.3,Low,day3_photo_165.jpg
166,Chad Hawkins,College D,Tamil Nadu,2,Track 4,Admit stuff notice list president into citizen.,6.7,Medium,day2_photo_166.jpg
167,Shawn Stone,College A,Karnataka,1,Track 2,Our need fact keep push understand buy world.,7.7,High,day3_photo_167.jpg
168,Marie Jensen,College A,Kerala,1,Track 3,Sell political answer debate field conference piece similar production ahead make computer.,5.6,High,day4_photo_168.jpg
169,Russell Bowman,College B,Karnataka,1,Track 3,Professor car natural pick among score budget.,5.4,Medium,day1_photo_169.jpg
170,Brandon Johnson,College D,Kerala,4,Track 3,Everyone TV give politics law whose front two.,5.9,High,day4_photo_170.jpg
171,Jennifer Campbell,College C,Karnataka,3,Track 4,Skill factor edge own address general thing have range carry pressure happy.,8.9,High,day3_photo_171.jpg
172,Alexandra Thomas,College A,Maharashtra,2,Track 4,Truth sure million charge peace pull magazine discuss move.,5.2,Low,day4_photo_172.jpg
173,Jessica Lozano,College A,Kerala,2,Track 3,Reduce appear war interview foot each factor store theory garden.,8.0,Medium,day3_photo_173.jpg
174,Nicholas Henry,College D,Karnataka,3,Track 2,Customer entire value start miss could word news.,5.9,High,day1_photo_174.jpg
175,Joshua Jenkins,College D,Maharashtra,1,Track 4,Away common long law build star send get.,8.5,High,day4_photo_175.jpg
176,Keith Nelson,College D,Kerala,1,Track 3,Six result article wear future push south peace test.,5.9,Low,day3_photo_176.jpg
177,Mark Smith MD,College B,Maharashtra,4,Track 2,Sound style allow down leader standard blood all sign forward too.,8.0,Low,day4_photo_177.jpg
178,Elizabeth Holmes,College A,Kerala,3,Track 4,Center measure weight yet long example process outside second sell visit author make.,9.9,Low,day1_photo_178.jpg
179,Kari Rogers,College A,Maharashtra,1,Track 1,Listen model fish enter guy remain Mrs foot population area campaign yes.,6.2,Medium,day4_photo_179.jpg
180,Justin Brown,College C,Karnataka,1,Track 1,Dog heart house issue include spend at fast.,7.7,High,day1_photo_180.jpg
181,Tommy Vazquez,College B,Tamil Nadu,4,Track 1,Share later claim such foreign national ten stop order room speech.,8.8,Medium,day4_photo_181.jpg
182,Rodney Walker,College C,Maharashtra,4,Track 3,Though relate benefit against seven range size themselves while.,8.5,Medium,day2_photo_182.jpg
183,Jeffrey Guerra,College A,Kerala,4,Track 3,Bed trouble federal probably go why usually case sure ask agent attention better.,6.9,Low,day3_photo_183.jpg
184,Robert Wolf,College C,Karnataka,1,Track 3,East in wait machine PM like sit generation idea information.,9.9,High,day3_photo_184.jpg
185,Ashley Parker,College D,Karnataka,3,Track 2,Training center feel majority audience why theory beat yeah.,9.6,Low,day3_photo_185.jpg
186,James Rodriguez,College D,Kerala,2,Track 1,While score where population set address each almost.,8.0,Low,day3_photo_186.jpg
187,Terry Martinez,College A,Kerala,1,Track 1,Bill resource near range answer nothing.,5.4,Medium,day4_photo_187.jpg
188,Colleen Sullivan,College B,Tamil Nadu,4,Track 3,Success decide show experience consider find education score.,7.4,Low,day1_photo_188.jpg
189,Cody Cain,College B,Maharashtra,3,Track 1,Across onto doctor set ability return economic woman happy special list method late.,7.7,Low,day1_photo_189.jpg
190,Kenneth Hanson,College A,Kerala,4,Track 3,This man fight our watch trade.,8.2,High,day2_photo_190.jpg
191,Tyler Paul,College C,Kerala,3,Track 3,Chair agency third song ago four beat feel huge address trip.,6.7,Medium,day3_photo_191.jpg
192,Larry Porter,College D,Maharashtra,4,Track 1,Voice push successful study step toward far several usually.,9.7,High,day2_photo_192.jpg
193,Holly Mccarthy,College A,Kerala,1,Track 1,But I especially go you teacher tough travel almost environmental.,8.0,Medium,day2_photo_193.jpg
194,Jimmy Taylor,College A,Karnataka,2,Track 1,Author experience community accept discover between draw long.,6.3,Medium,day4_photo_194.jpg
195,Javier Wilson,College C,Kerala,1,Track 2,Too adult five forget loss any follow poor.,8.2,High,day3_photo_195.jpg
196,Melissa Martinez,College D,Tamil Nadu,1,Track 4,Challenge white well region five hot almost term line away subject.,9.3,Low,day3_photo_196.jpg
197,Bradley Daniels,College C,Kerala,2,Track 1,Picture you idea beat win share instead today project speech.,5.0,High,day2_photo_197.jpg
198,Nicole Malone MD,College A,Tamil Nadu,1,Track 4,A store view trade century up wife us tax our risk.,7.5,High,day1_photo_198.jpg
199,Anthony Brewer,College C,Maharashtra,3,Track 2,Later watch see right person skin here beyond leg raise far whose think.,5.8,Low,day1_photo_199.jpg
200,Sarah Wilson,College C,Karnataka,4,Track 3,Audience south seat far ever least affect meeting moment.,6.0,Low,day4_photo_200.jpg
201,Joseph Palmer,College A,Kerala,1,Track 1,Drug onto great city eight year similar pattern community alone.,5.9,Low,day1_photo_201.jpg
202,William Rice,College C,Kerala,2,Track 2,Fire drug edge summer behind him might son not star.,7.0,High,day2_photo_202.jpg
203,Ashley Richards,College A,Tamil Nadu,3,Track 1,Draw expert art country cell might then teach model once write we.,9.0,Medium,day3_photo_203.jpg
204,Marc Richardson,College A,Kerala,4,Track 3,Might maintain finally outside should market serious.,8.6,Low,day3_photo_204.jpg
205,Michael Allison,College B,Tamil Nadu,4,Track 4,Door describe season general enjoy budget along drive development system name protect.,9.2,High,day3_photo_205.jpg
206,Catherine Owen,College D,Maharashtra,2,Track 3,Discuss figure food sing everyone their street open story even shoulder two girl.,6.2,High,day3_photo_206.jpg
207,William Banks,College B,Karnataka,3,Track 2,Republican summer while just above democratic range couple ok speak spring.,6.3,Low,day4_photo_207.jpg
208,Jennifer Davenport,College A,Karnataka,3,Track 1,My month line recently health skin skin involve.,7.0,Low,day4_photo_208.jpg
209,Trevor Mora,College A,Kerala,3,Track 2,Over else democratic hit interesting total particularly language.,9.5,Medium,day4_photo_209.jpg
210,Dale Cox,College B,Maharashtra,4,Track 2,Remain central road leg detail law party traditional.,6.7,High,day4_photo_210.jpg
211,Joshua Hoover,College D,Karnataka,1,Track 2,Suffer standard authority bank realize maybe organization trial notice deep now who thing.,8.3,Medium,day1_photo_211.jpg
212,Allen Lamb,College D,Maharashtra,4,Track 4,Sign might action recognize late continue west establish.,5.0,High,day1_photo_212.jpg
213,Mitchell Kane,College D,Tamil Nadu,4,Track 1,Pretty election speech science opportunity data popular seem.,7.3,Low,day4_photo_213.jpg
214,Robin Alexander,College D,Kerala,1,Track 1,Discussion part coach may serious when.,8.6,Medium,day4_photo_214.jpg
215,Leslie Smith,College C,Kerala,1,Track 4,Machine hundred pull pattern quickly own agree address perform though listen against debate.,9.6,Low,day3_photo_215.jpg
216,Robert Dean,College C,Karnataka,4,Track 4,Position guy fund kitchen attention stop line.,9.6,Low,day1_photo_216.jpg
217,Sherri Caldwell,College A,Karnataka,3,Track 4,Bring cup table your fine religious happen what game support.,8.3,Medium,day1_photo_217.jpg
218,Kaylee Hernandez,College C,Tamil Nadu,3,Track 3,Know PM garden start term strategy red region enough together expert.,8.2,Medium,day1_photo_218.jpg
219,Lee Barker,College D,Maharashtra,1,Track 3,Moment south successful life employee world traditional.,8.7,Medium,day1_photo_219.jpg
220,Paula Humphrey,College C,Kerala,4,Track 2,Sing student national read as class relate group possible science get challenge difference.,7.2,Medium,day4_photo_220.jpg
221,Steven Reed,College C,Kerala,2,Track 2,Part daughter specific senior ability candidate option let bit hot often late.,9.6,Medium,day4_photo_221.jpg
222,Jennifer Daniels,College C,Tamil Nadu,3,Track 1,North teacher know star small step could.,6.4,Low,day1_photo_222.jpg
223,Rodney Vazquez,College A,Kerala,3,Track 2,Material something challenge name kitchen leave him office consider break degree building area eight.,8.7,Medium,day2_photo_223.jpg
224,Erica Hicks,College B,Tamil Nadu,2,Track 2,Challenge continue card near adult well whatever argue yard picture.,9.2,High,day3_photo_224.jpg
225,John Bailey,College A,Karnataka,1,Track 3,Military response itself shoulder thing central push interview outside plant finish.,7.3,Medium,day2_photo_225.jpg
226,Timothy Thompson,College A,Kerala,4,Track 1,Concern central plant get nearly several example anything today Democrat they little.,8.6,High,day1_photo_226.jpg
227,Andrea Moore,College A,Maharashtra,1,Track 4,Bed agreement ten general game north idea drug.,9.6,Medium,day2_photo_227.jpg
228,Garrett Brown,College A,Kerala,1,Track 2,There sit power difference eat phone form however debate grow to however several.,6.3,Medium,day1_photo_228.jpg
229,Jonathan Burnett,College A,Tamil Nadu,3,Track 3,Hot hear national reason step student support end well still.,5.4,High,day2_photo_229.jpg
230,Jeanette Johnson DVM,College D,Maharashtra,2,Track 2,Factor guess administration often throughout minute money along travel age.,8.9,High,day3_photo_230.jpg
231,Stephanie Phillips,College A,Kerala,1,Track 3,Receive nor hard purpose mind common economy store.,8.0,Low,day1_photo_231.jpg
232,Raven Buck,College A,Maharashtra,4,Track 1,Pretty feeling knowledge leg computer color agency.,9.1,Low,day2_photo_232.jpg
233,David Reed,College C,Karnataka,2,Track 2,Per carry morning modern strategy discover product look before window.,5.2,Medium,day1_photo_233.jpg
234,Amy Thomas,College D,Tamil Nadu,4,Track 4,Or citizen understand act strategy executive pattern yes both year family.,6.1,Medium,day3_photo_234.jpg
235,Stacey Good,College C,Tamil Nadu,3,Track 3,Per heart help account police himself.,8.2,Medium,day4_photo_235.jpg
236,Rachel Medina,College C,Kerala,3,Track 1,Middle fly against ball fall mouth west else care tax.,6.5,Low,day3_photo_236.jpg
237,Patricia Benitez,College B,Karnataka,1,Track 3,Establish begin call increase across employee party forget nature century idea.,6.7,Medium,day4_photo_237.jpg
238,Amanda Frye,College D,Kerala,2,Track 4,Modern peace company stuff others research billion reach treat newspaper no low.,9.0,Low,day4_photo_238.jpg
239,Amanda Patton,College A,Maharashtra,4,Track 1,Tough we play stay issue choice possible mean success.,7.5,Medium,day3_photo_239.jpg
240,Robert Fox,College D,Kerala,3,Track 1,Spend security fine house commercial stage east loss senior gun must range create.,8.0,Low,day2_photo_240.jpg
241,Angel West,College C,Karnataka,1,Track 2,Laugh away staff newspaper five could maintain through three worker fish.,9.7,High,day1_photo_241.jpg
242,Catherine Mcdonald,College C,Tamil Nadu,1,Track 4,Discussion save speak amount region business.,8.4,Low,day1_photo_242.jpg
243,Nicholas Snyder,College A,Kerala,2,Track 2,Deal section nature note score drive near performance.,7.5,Low,day1_photo_243.jpg
244,Terry Beard MD,College A,Kerala,3,Track 2,Take year social generation kind should.,7.6,Low,day4_photo_244.jpg
245,Jamie Frazier,College A,Kerala,2,Track 3,Tv least occur you serve data pull drop fish drive.,6.2,Medium,day4_photo_245.jpg
246,Karen Mills,College D,Kerala,3,Track 1,Behavior impact pull throw idea no.,5.0,Low,day4_photo_246.jpg
247,Randall Serrano,College D,Karnataka,3,Track 4,Mind would piece yourself whose my there on I.,8.4,Medium,day2_photo_247.jpg
248,Terry Oconnell,College B,Maharashtra,1,Track 4,Year speak their opportunity middle next also herself heart.,7.2,Low,day1_photo_248.jpg
249,Denise Mcknight,College C,Maharashtra,2,Track 1,Class television she buy stay piece know baby show series teach.,6.0,High,day4_photo_249.jpg
250,Christopher Fletcher,College C,Kerala,1,Track 4,Effort if democratic development inside huge various.,8.0,High,day1_photo_250.jpg
251,Taylor Hahn,College B,Maharashtra,3,Track 3,Member them who special adult attack.,9.1,Medium,day2_photo_251.jpg
252,Courtney Byrd,College C,Karnataka,1,Track 1,Suddenly near affect goal subject direction run hope drop example seven.,8.5,Medium,day1_photo_252.jpg
253,David Frederick,College B,Kerala,3,Track 1,System week exist kid walk media change morning.,8.1,High,day4_photo_253.jpg
254,Shelly Clark,College B,Karnataka,4,Track 1,Draw level house our name campaign win home movie through few police.,6.2,Low,day2_photo_254.jpg
255,Lindsay Hammond,College D,Kerala,2,Track 1,Reason trade character reason vote history possible.,6.8,Low,day3_photo_255.jpg
256,Laurie Grant,College C,Kerala,3,Track 3,Government above wall course close that.,7.2,High,day2_photo_256.jpg
257,Christopher Brown MD,College A,Maharashtra,2,Track 3,Political seek phone world shake why firm foot at book total think.,6.9,Medium,day1_photo_257.jpg
258,James Sampson,College C,Karnataka,1,Track 1,New wind increase claim organization four choice necessary name always challenge create.,8.7,Low,day4_photo_258.jpg
259,Elaine Vasquez DDS,College D,Tamil Nadu,1,Track 2,Grow until product pattern summer almost decide item various form number TV evidence.,6.7,High,day3_photo_259.jpg
260,Alicia Cannon,College C,Maharashtra,4,Track 4,Member picture worry true hospital check school four base event heavy not family.,8.3,High,day3_photo_260.jpg
261,Steven Mcintyre,College A,Kerala,2,Track 2,Politics agree glass agent new laugh mother newspaper.,7.2,High,day3_photo_261.jpg
262,Gregory Smith,College B,Karnataka,1,Track 4,Defense tend eat attorney wind answer along myself floor television.,9.4,Medium,day1_photo_262.jpg
263,Richard Lee,College B,Tamil Nadu,2,Track 3,President cold option model various what fly sell though sea TV threat.,9.2,High,day1_photo_263.jpg
264,Ashley Proctor,College D,Kerala,2,Track 1,Box over energy show laugh similar cost.,6.5,High,day1_photo_264.jpg
265,David Alvarez,College D,Maharashtra,3,Track 2,Statement rich bit always economy before spend like prove.,10.0,Medium,day3_photo_265.jpg
266,Kimberly Griffin,College B,Tamil Nadu,1,Track 4,Rich half attention oil bit successful goal effect.,8.3,High,day1_photo_266.jpg
267,Julie Odonnell,College D,Kerala,1,Track 2,Someone find final road wife out rise research clear how.,7.9,High,day2_photo_267.jpg
268,Ashley Moran,College A,Maharashtra,2,Track 1,Reflect again choice through generation surface view player many beautiful pressure tax impact.,8.8,Low,day1_photo_268.jpg
269,Michelle York,College C,Karnataka,4,Track 1,Expect key single executive pass doctor.,6.2,High,day4_photo_269.jpg
270,Kimberly Rojas,College B,Tamil Nadu,2,Track 3,Drug next less require individual rate thing increase degree role specific religious.,7.5,Low,day3_photo_270.jpg
271,Christopher Robinson,College C,Maharashtra,4,Track 3,Seat million through wrong then number ready suffer despite over help read PM.,5.6,High,day4_photo_271.jpg
272,Steven Davenport,College C,Kerala,4,Track 2,Lawyer score concern skin theory work outside.,8.2,High,day3_photo_272.jpg
273,Kathryn Meyer,College B,Karnataka,3,Track 1,Try everybody success executive increase share.,6.5,Low,day3_photo_273.jpg
274,Catherine Bell,College C,Maharashtra,2,Track 1,Understand business listen respond your question low head nearly miss seat act second.,6.8,Low,day3_photo_274.jpg
275,Jacob Craig,College D,Karnataka,3,Track 3,Night boy maintain system ground name.,6.7,Medium,day2_photo_275.jpg
276,Kristin Harrison,College C,Maharashtra,3,Track 1,Outside mention eight phone data not sure.,9.9,High,day2_photo_276.jpg
277,Joanna Owens,College C,Tamil Nadu,2,Track 4,Record our PM care Republican evening.,6.8,High,day4_photo_277.jpg
278,Colleen Atkins,College B,Kerala,4,Track 1,Under exactly want majority speak car member build song.,9.5,Low,day4_photo_278.jpg
279,Michael Moody,College B,Kerala,4,Track 1,Join expect yeah summer just again quickly whether.,9.8,Medium,day1_photo_279.jpg
280,Cynthia Williams,College A,Karnataka,3,Track 2,Agreement full power early effort dinner trial building.,9.6,High,day2_photo_280.jpg
281,Lauren Park,College C,Tamil Nadu,3,Track 1,Piece talk probably hand woman be though suffer single level could.,5.3,High,day3_photo_281.jpg
282,Peggy Robinson,College A,Tamil Nadu,3,Track 3,Ready top say police option tell structure prevent before fact.,6.4,High,day2_photo_282.jpg
283,Louis Scott,College C,Karnataka,4,Track 2,Since nothing something see rich entire end cut issue note.,8.8,Low,day4_photo_283.jpg
284,Kevin Hudson,College B,Karnataka,3,Track 3,Whom include difficult reduce bank usually bar eat nation window mother far will.,5.9,Low,day4_photo_284.jpg
285,Richard Jackson,College D,Karnataka,4,Track 2,Maybe heavy relationship center cell happen garden.,5.1,Medium,day3_photo_285.jpg
286,Crystal Roberson,College D,Kerala,2,Track 2,After himself husband rather production fight type decision heart drive tonight.,5.3,High,day2_photo_286.jpg
287,Kenneth Lewis,College C,Kerala,2,Track 2,Manager bank world like ago you because.,5.8,High,day3_photo_287.jpg
288,Katherine Phelps,College B,Maharashtra,2,Track 1,Require indeed we fund boy receive score practice forward.,7.8,High,day1_photo_288.jpg
289,James Robinson,College C,Karnataka,1,Track 1,Development I customer crime catch series door run offer.,7.8,High,day1_photo_289.jpg
290,Sarah Cameron,College B,Karnataka,1,Track 3,Seat great enough all book president board seek perform property conference.,6.8,Medium,day3_photo_290.jpg
291,Linda Knapp,College D,Tamil Nadu,4,Track 1,Couple thought born keep discuss other including or.,9.5,Medium,day2_photo_291.jpg
292,Brian Bradley,College A,Tamil Nadu,3,Track 2,Research assume choose watch reach reach begin throw first production third stage.,7.6,High,day1_photo_292.jpg
293,Michael Jones,College B,Tamil Nadu,4,Track 2,Owner process role gas type car laugh.,6.2,Medium,day3_photo_293.jpg
294,Lauren Hart,College A,Tamil Nadu,3,Track 4,Challenge weight attorney some budget whom those add modern treat.,7.3,Medium,day2_photo_294.jpg
295,Ashley Stokes,College A,Tamil Nadu,4,Track 1,Particular international head brother through nor talk his than employee tree staff program.,9.0,High,day4_photo_295.jpg
296,John Boyer,College A,Kerala,2,Track 3,Push billion worker bar effort involve church others.,9.6,Medium,day1_photo_296.jpg
297,Elizabeth Reynolds,College A,Karnataka,2,Track 2,Often loss very tend shake authority water information summer opportunity difficult rest.,10.0,Low,day2_photo_297.jpg
298,Jessica Sanchez,College B,Kerala,1,Track 1,Bit year worry sing its sense along poor financial moment piece different economy.,6.5,High,day3_photo_298.jpg
299,Gregory Anderson,College B,Maharashtra,2,Track 3,View in moment city top but certain choice week rise method too very.,6.3,High,day2_photo_299.jpg
300,Vincent Wells,College B,Tamil Nadu,2,Track 4,Simple conference indeed guy south wall actually beyond safe generation early law meet.,9.1,Low,day3_photo_300.jpg
301,Patricia Mitchell,College D,Karnataka,3,Track 1,Room street ten less clear while.,5.9,High,day2_photo_301.jpg
302,Lori Robinson,College B,Karnataka,4,Track 3,Material wish open authority successful best foreign.,8.0,Low,day1_photo_302.jpg
303,Mark Stewart,College A,Maharashtra,2,Track 3,Large final short name build pattern assume record wind.,9.8,High,day1_photo_303.jpg
304,Chase Schmidt,College C,Maharashtra,4,Track 3,Always read long hard attention law well stop hour defense discussion hear.,9.6,High,day3_photo_304.jpg
305,Karen Bradshaw,College B,Karnataka,4,Track 2,Play hot write government recognize travel member better.,5.3,Medium,day1_photo_305.jpg
306,Raymond Bailey,College B,Karnataka,1,Track 3,South development lot think everybody figure plant until check discuss.,7.2,Low,day4_photo_306.jpg
307,Dawn Rich,College D,Kerala,2,Track 4,Environmental create ahead whatever hold visit body professor watch.,8.0,High,day2_photo_307.jpg
308,James Owens,College C,Karnataka,4,Track 3,Subject population raise old lose white usually whose while.,5.3,High,day1_photo_308.jpg
309,Jorge Garcia,College A,Kerala,2,Track 2,Service enough cover industry more cut than try enjoy newspaper accept.,8.0,Low,day1_photo_309.jpg
310,Julia Lewis,College A,Tamil Nadu,2,Track 4,Board book purpose glass building bar leave add hold chair Republican occur ability.,5.5,Low,day2_photo_310.jpg
311,Heather Bell,College C,Maharashtra,2,Track 1,Call measure company cause way tend fall high determine director require idea.,5.0,Medium,day3_photo_311.jpg
312,Whitney Jackson,College B,Tamil Nadu,3,Track 4,Example Democrat sit do between red debate truth thought feel wide coach.,7.0,Medium,day2_photo_312.jpg
313,Laura Meza,College A,Tamil Nadu,4,Track 2,Peace sort administration a speech modern challenge this student foreign also fire this.,7.7,High,day2_photo_313.jpg
314,Brandy Smith,College D,Kerala,1,Track 4,Already appear stage sing government writer officer rise easy relate big discuss.,8.0,Low,day3_photo_314.jpg
315,David Lopez,College B,Maharashtra,2,Track 1,Church never word loss your series north assume represent energy opportunity study.,6.2,Medium,day2_photo_315.jpg
316,Brenda Dixon,College C,Maharashtra,1,Track 1,Professor girl card over foreign stock trouble.,7.2,Medium,day1_photo_316.jpg
317,Heather Brooks,College D,Kerala,1,Track 3,Him cold investment available individual you shoulder behind American.,7.8,High,day3_photo_317.jpg
318,Alexis Lawson,College A,Maharashtra,2,Track 2,Water new interview story moment beautiful although tend beautiful blood marriage find through.,7.4,Low,day4_photo_318.jpg
319,Stephanie Murphy,College A,Kerala,2,Track 2,Bring miss apply focus court food she election budget rich market level floor.,5.3,Medium,day4_photo_319.jpg
320,Robert Sanders,College B,Maharashtra,3,Track 2,Enjoy how much tonight yet or gas measure maintain type cost agree.,8.0,High,day4_photo_320.jpg
321,Andrea Baker,College D,Tamil Nadu,3,Track 2,Use go respond skin nice decide.,8.4,High,day1_photo_321.jpg
322,Eric Day,College C,Karnataka,4,Track 1,Character arm top knowledge recognize college whether give.,9.6,Low,day4_photo_322.jpg
323,Tracy Rivera,College B,Tamil Nadu,4,Track 3,Green scene stay city necessary reach and audience.,8.0,High,day4_photo_323.jpg
324,Mark Blake,College C,Kerala,3,Track 2,Require middle begin north inside what discuss course investment close involve.,9.0,High,day2_photo_324.jpg
325,Adrian Diaz,College C,Maharashtra,3,Track 2,Nice if investment offer consumer short.,7.7,Low,day3_photo_325.jpg
326,Stephen King,College B,Tamil Nadu,1,Track 4,Certainly wall firm commercial project draw southern time believe imagine well.,5.9,Medium,day4_photo_326.jpg
327,Jacqueline Bryant,College D,Karnataka,1,Track 3,Factor news move necessary body executive up ten factor.,5.9,Low,day1_photo_327.jpg
328,Bryan Leonard,College C,Kerala,1,Track 1,Effect government easy great difficult detail its decide camera many onto seat.,7.0,Medium,day4_photo_328.jpg
329,Angela Cruz,College A,Kerala,3,Track 1,Put until other system tough gun hospital several support effect if.,6.1,Low,day3_photo_329.jpg
330,Jaime Cohen,College D,Tamil Nadu,2,Track 1,Real chair agent whole no operation performance quite still partner.,8.5,Medium,day4_photo_330.jpg
331,Clinton Combs,College C,Tamil Nadu,3,Track 3,Member yard particular hair factor then debate suffer foot today oil ready couple.,7.8,Medium,day4_photo_331.jpg
332,Stacey Sampson,College B,Tamil Nadu,2,Track 3,Throughout mean baby pull computer garden plan.,5.8,High,day3_photo_332.jpg
333,Billy Schroeder,College B,Kerala,4,Track 4,Trial door spend one trial day over student true.,8.1,Low,day2_photo_333.jpg
334,Jason Murphy,College B,Tamil Nadu,3,Track 4,Vote just everyone science yard medical care force rise.,8.3,Low,day2_photo_334.jpg
335,Mrs. Jaclyn Callahan,College D,Maharashtra,2,Track 4,Sit consumer marriage clear although use base ball image doctor actually.,9.1,Low,day1_photo_335.jpg
336,Michael Hernandez,College D,Kerala,1,Track 3,Sport such defense service take give.,5.3,Medium,day2_photo_336.jpg
337,Amanda Mercer,College A,Karnataka,4,Track 1,Method yet if maybe successful front side everybody whole professor true picture tonight.,7.3,Medium,day1_photo_337.jpg
338,Edward Johnson,College D,Maharashtra,2,Track 4,Hold water move sound likely now.,8.5,High,day4_photo_338.jpg
339,James Booker,College B,Maharashtra,1,Track 1,Large impact enough concern course among.,5.8,Low,day4_photo_339.jpg
340,Nicholas Miller,College D,Kerala,1,Track 2,Institution physical scientist recent anyone follow agency eat class.,7.6,Low,day1_photo_340.jpg
341,Albert Lopez,College C,Maharashtra,4,Track 2,Occur buy it about work over thank beat why role song.,9.9,High,day2_photo_341.jpg
342,Jesse Watkins,College A,Maharashtra,4,Track 1,Successful positive activity allow environmental find month.,7.4,Low,day4_photo_342.jpg
343,Stephanie Sanchez,College B,Maharashtra,2,Track 1,Open free nice identify message from major audience later.,9.1,Medium,day3_photo_343.jpg
344,Madison Foley,College A,Karnataka,2,Track 2,Stock form style my send opportunity.,6.5,Low,day2_photo_344.jpg
345,Richard Garcia,College C,Tamil Nadu,3,Track 4,Table girl visit something word western grow seat.,8.1,High,day2_photo_345.jpg
346,Andrew Kennedy,College D,Karnataka,2,Track 3,Only military close since field gas shoulder above.,10.0,Medium,day2_photo_346.jpg
347,Tamara Reynolds,College A,Karnataka,3,Track 1,How pick significant audience response concern it.,9.8,Low,day4_photo_347.jpg
348,Danielle Smith,College C,Kerala,4,Track 2,Miss describe as subject PM whatever collection at building production live another whatever.,5.3,Medium,day1_photo_348.jpg
349,Ryan Webb,College B,Tamil Nadu,2,Track 3,Science compare positive model usually green move else simply difference mind explain.,7.4,Low,day4_photo_349.jpg
350,Anita Baldwin,College C,Maharashtra,1,Track 1,Go wonder after provide million send beautiful.,9.3,Low,day2_photo_350.jpg
351,Matthew Morris,College C,Maharashtra,2,Track 2,Between role major sign face serve account cost five resource computer him.,7.8,High,day2_photo_351.jpg
352,Ann Butler,College C,Maharashtra,2,Track 4,Work listen near statement fact from ability forget reality itself major couple.,5.9,High,day1_photo_352.jpg
353,Pamela Green,College B,Kerala,1,Track 3,Method investment long right traditional forward rock professional.,5.4,High,day2_photo_353.jpg
354,Denise Day,College C,Kerala,3,Track 3,Author business real hospital instead tonight soldier.,7.8,Medium,day2_photo_354.jpg
355,Alexander Vega,College A,Kerala,4,Track 3,War phone nor challenge today the.,7.3,High,day2_photo_355.jpg
356,Peter Patel,College B,Maharashtra,1,Track 1,Community local choose want record positive different across.,6.6,High,day3_photo_356.jpg
357,Christopher Jordan,College A,Maharashtra,4,Track 4,Single job power cost social evidence animal order music red relationship across pressure.,8.3,Medium,day4_photo_357.jpg
358,Lauren Lawson,College B,Karnataka,1,Track 1,Several understand from right yes throughout government yet happen.,8.2,Medium,day2_photo_358.jpg
359,Anna Anderson,College C,Maharashtra,4,Track 1,Organization wife these direction such six despite land myself growth himself these whom.,7.7,Medium,day2_photo_359.jpg
360,Monica Hernandez,College B,Tamil Nadu,3,Track 4,Business cold owner Democrat great particularly evening sister after occur across.,6.3,High,day1_photo_360.jpg
361,Adrian Smith,College D,Maharashtra,3,Track 3,Smile activity risk successful common dream energy himself buy throughout wife growth.,9.5,High,day2_photo_361.jpg
362,Jordan Smith,College A,Maharashtra,3,Track 3,Several book citizen Mrs Congress resource brother state government forget fall risk population.,7.4,Medium,day4_photo_362.jpg
363,Melissa Kelly,College B,Kerala,3,Track 1,Floor green suddenly when already item why central.,5.1,High,day3_photo_363.jpg
364,Christopher Reid,College A,Tamil Nadu,1,Track 2,Act specific kid across role or ground despite big.,6.5,Medium,day2_photo_364.jpg
365,Kelsey Martin,College A,Tamil Nadu,3,Track 4,Body hundred against kid stage system type unit.,9.1,High,day4_photo_365.jpg
366,Angela Davis,College C,Maharashtra,2,Track 3,Participant may him away any leg whole artist memory return.,7.7,Low,day2_photo_366.jpg
367,Nicolas Gibson,College C,Karnataka,2,Track 3,Federal per senior traditional member participant management.,6.1,High,day1_photo_367.jpg
368,Jeremy Perez,College B,Tamil Nadu,2,Track 2,South say music majority citizen how.,5.2,Medium,day3_photo_368.jpg
369,Catherine Smith,College D,Karnataka,4,Track 3,Deal number style loss eye ball evidence company oil concern write huge.,6.1,High,day3_photo_369.jpg
370,Diane Edwards,College B,Kerala,4,Track 4,Suffer Mr technology executive some nature production marriage.,5.1,Low,day4_photo_370.jpg
371,Jacob Robbins,College B,Maharashtra,2,Track 3,Voice think pay capital long reach usually best else successful be.,6.4,High,day3_photo_371.jpg
372,Scott Ruiz,College A,Kerala,4,Track 2,Environment trade sport become kind toward surface.,9.0,Medium,day2_photo_372.jpg
373,Katherine Barr,College A,Maharashtra,3,Track 1,Join on play happen these product message follow.,8.2,Medium,day1_photo_373.jpg
374,Madison Sharp,College B,Maharashtra,2,Track 2,Skill discuss she defense among result opportunity.,5.3,Low,day1_photo_374.jpg
375,Jeffrey Jimenez,College B,Kerala,3,Track 2,Represent control option above read culture read statement bed want.,10.0,Low,day1_photo_375.jpg
376,Mark Avila,College D,Kerala,3,Track 3,Somebody marriage become great international meeting discover thus model sea little rich against.,8.9,Medium,day3_photo_376.jpg
377,Eric Pope,College D,Karnataka,4,Track 3,Can medical place understand quite he effect Republican break hard sure stand.,5.7,High,day1_photo_377.jpg
378,Michael Beard,College A,Karnataka,4,Track 4,Lay successful property sure actually protect.,8.3,High,day4_photo_378.jpg
379,Claudia Peck,College C,Kerala,1,Track 2,Both floor agreement rise price author.,7.9,Low,day2_photo_379.jpg
380,Veronica Lane,College C,Maharashtra,3,Track 4,Grow hotel court sell build friend lead collection ever raise.,7.5,Medium,day2_photo_380.jpg
381,Eric Barry,College D,Kerala,4,Track 1,Green lay still culture floor method action born relate focus late.,7.3,Low,day3_photo_381.jpg
382,Cheryl Cross,College B,Karnataka,2,Track 3,Worker despite ready soon accept on down process continue what necessary write.,9.9,High,day2_photo_382.jpg
383,Jordan Nguyen,College B,Maharashtra,2,Track 2,Establish idea green watch during we player force right smile great.,5.4,High,day3_photo_383.jpg
384,James Rodriguez,College D,Karnataka,3,Track 1,Herself five behavior third billion popular everybody also decide specific time eight others.,5.8,Low,day3_photo_384.jpg
385,Mary Shaw DVM,College C,Kerala,3,Track 4,Tough choose case boy company fine theory series wish beat.,7.3,High,day2_photo_385.jpg
386,Timothy Fuentes,College C,Tamil Nadu,4,Track 1,Many century kind significant occur wrong allow.,7.6,High,day4_photo_386.jpg
387,Tracey Nelson,College C,Karnataka,4,Track 4,Mr college we magazine significant north others people represent kitchen board.,9.9,Low,day1_photo_387.jpg
388,Cory Vang,College A,Tamil Nadu,2,Track 4,Wish different business religious manage yeah film on peace.,9.3,High,day4_photo_388.jpg
389,Heather Hernandez,College B,Kerala,4,Track 1,Back risk he church why land organization course cut sit statement after.,5.1,High,day2_photo_389.jpg
390,Carl Lewis,College C,Maharashtra,1,Track 3,Gun unit industry themselves beat table also his floor right bag so lawyer.,8.7,High,day4_photo_390.jpg
391,Jill Flynn,College B,Karnataka,1,Track 2,Different meet type American second environment make society trade world.,9.2,Medium,day2_photo_391.jpg
392,Janet Mitchell,College C,Karnataka,1,Track 1,Not effect agent four brother imagine on white media painting student.,9.7,High,day3_photo_392.jpg
393,Paul Cox,College C,Maharashtra,1,Track 3,Represent level behavior central commercial list much summer church true suddenly.,7.0,High,day2_photo_393.jpg
394,Hayden Erickson,College B,Maharashtra,3,Track 3,Win newspaper fish anyone tax mind enough stand nor point.,7.2,Low,day4_photo_394.jpg
395,Jennifer Webb,College C,Kerala,1,Track 1,Indeed character article mention section science chair property.,8.2,Medium,day1_photo_395.jpg
396,William Robinson,College B,Maharashtra,4,Track 4,Building entire color glass skin believe everyone learn.,6.7,High,day2_photo_396.jpg
397,Mr. Ryan Jackson,College C,Kerala,2,Track 3,Resource experience gun identify country painting account scientist spring these safe.,8.6,Low,day2_photo_397.jpg
398,Susan Brown,College D,Maharashtra,3,Track 2,Hair if make move simply actually every.,8.1,Low,day4_photo_398.jpg
399,Robert Snyder,College A,Kerala,2,Track 2,Couple it never face business in book next land among.,9.8,High,day2_photo_399.jpg
400,Yesenia Callahan,College A,Karnataka,4,Track 4,Whole manage offer top question feel.,8.9,Medium,day1_photo_400.jpg
